Video Title,Youtube Link
"
                Talking Tech and AI with Google CEO Sundar Pichai!
              ",https://youtube.com/watch?v=n2RNcPRtAiY
"
            Try Not To Laugh Challenge #9    
          ",https://youtube.com/watch?v=mP0RAo9SKZk
"
                Crazy Tik Toks Taken Moments Before DISASTER
              ",https://youtube.com/watch?v=FgjPQQeTh1w
"
            The Simplest Math Problem No One Can Solve - Collatz Conjecture    
          ",https://youtube.com/watch?v=094y1Z2wpJg
"
                Kadane's Algorithm to Maximum Sum Subarray Problem
              ",https://youtube.com/watch?v=86CQq3pKSUw
"
            Anything You Can Fit In The Circle I'll Pay For
          ",https://youtube.com/watch?v=yXWw0_UfSFg
"
            Why Planes Don't Fly Over Tibet
          ",https://youtube.com/watch?v=fNVa1qMbF9Y
"
            Inside The World's Biggest Passenger Plane
          ",https://youtube.com/watch?v=lFm4EM1juls
"
            The SECRET to Super Human STRENGTH
          ",https://youtube.com/watch?v=ixmxOlcrlUc
